user,stars,comment,info
n*****y,4,Sản phẩm được đóng gói rất cẩn thận và kĩ lưỡng Âm thanh nghe khá tốt Đã sử dụng được gần một tháng: giác cắm có dấu hiệu hư hỏng (giác cắm không bị tác động vật lí lần nào),2023-09-03 23:06 | Phân loại hàng: MẦU TRẮNG
xuan576286,4,"dây cầm chắc chắn, tai nghe ổn, với giá tiền như thế mình nghĩ là được. Hy vọng dùng 1 thời gian vẫn ổn áp",2024-12-04 09:01 | Phân loại hàng: MẦU ĐEN
j*****e,4,"Sản phẩm rất chất lượng, đáng giá với giá tiền. Giao hàng nhanh chóng và đóng gói sản phẩm cẩn thận. Chất lượng sản phẩm vượt xa mong đợi của tôi, rất hài lòng. Sản phẩm đáng mua, đáng bỏ tiền. Hình ảnh và mô tả sản phẩm chính xác, hài lòng hơn mong đợi. Dịch vụ khách hàng rất tốt, shop hỗ trợ nhiệt tình, sẽ ủng hộ lần sau. Sản phẩm giao nhanh và an toàn, không bị hỏng hóc. Hàng nhận đóng gói chắc chắn. Chất lượng sản phẩm như hàng hiệu. Giá đúng với lượng sản phẩm. Sản phẩm giống như mô tả trên trang web, không có sự chênh lệch đáng kể.",2024-10-16 22:21 | Phân loại hàng: MẦU ĐEN
t*****3,4,"Tai nghe ổn, âm thanh rõ ràng, nếu trong trường hợp bật âm lượng hết cỡ sẽ bị thoát âm thanh ra ngoài, tai nghe được đựng trong hộp gọn gàng nhưng không biết do vận chuyển hay bị từ trước mà nắp hộp bị nứt vỡ, chất lượng phải về lâu về dài mới cảm nhận được, nên mua nha mọi người.",2024-01-13 22:34 | Phân loại hàng: MẦU TRẮNG
tstella,4,"Tai nghe màu trắng đẹp, có cả hộp nhựa đi kèm. Dây hơi mỏng manh nhưng chất lượng âm thanh ổn với giá tiền",2023-01-19 11:11 | Phân loại hàng: MẦU TRẮNG
k*****z,4,Giao hàng nhanh chóng. Giá cũng hợp lí. Chưa sử dụng nên sẽ quay lại review sau. Hình ảnh mang tc nhận xu,2024-01-14 09:39 | Phân loại hàng: MẦU TRẮNG
ntht_23,4,"Gói hàng kẽ, sản phẩm chắc chắn dùng ổn nghe tốt míc thu tốt",2024-01-05 14:34 | Phân loại hàng: MẦU TRẮNG
d_t_n21,4,"Giao hàng nhanh, đúng số lượng. Hàng được bọc đóng gói cẩn thận nhưng thấy k ưng là cái dây quá mỏng, nếu k dùng cẩn thận là dễ đứt lắm. Không biết dùng được lâu không nhưng trước mắt là thấy ổn, nghe êm nói chung là cũng ok. Nếu dùng được trong tgian dài mà ổn mk sẽ quay lại ủng hộ shop tiếp.",2025-05-11 12:40 | Phân loại hàng: MẦU TRẮNG
i*****1,4,"Về bao bì vs hộp thì ko chê, chắc chắn so vs tầm giá. Các tính năg của nút tăng giảm tiện dụng. Âm lượng vs chất âm cx khá tốt. Chỉ ko thích ở đoạn chân cắm là dạng thẳg.",2024-07-13 20:16 | Phân loại hàng: MẦU ĐEN
luliethan,4,"Chất lượng tốt so với tầm giá, âm thanh nghe ổn, có điều dây rất mỏng manh rất dễ bị đứt gãy",2024-01-06 13:27 | Phân loại hàng: MẦU TRẮNG
q*****n,4,giao hàng nhanh tuy nhiên mình mua 3 hộp thì 1 hộp lại bị kèm nhìn bên ngoài bị rách xước,2023-09-14 14:53 | Phân loại hàng: MẦU TRẮNG
thanhvynguyenngoc_2256,4,"Nghe nhạc hay, ổn áp, hàng giao về hơi móp, có hộp đựng khá tiện, nhưng dây lấy ra thì bị cong chỗ jack cắm và dây hai bên nút tai nhưng cong nhẹ thôi, chắc để trong hộp lâu rồi, cũng thông cảm, còn xài đc lâu hay ko thì tạm chux biết",2025-07-20 10:42 | Phân loại hàng: MẦU ĐEN
nguyenthihonghanh118,4,Đặt màu đen shop giao màu trắng ạ Chất lượng ổn. Âm thanh đảm bảo,2023-02-04 13:52 | Phân loại hàng: MẦU ĐEN
caophiyen261288,4,"Sợi dây của tai nghe nhỏ hơn mình nghĩ. Cảm giác dễ bị đứt. Sợi dây tai nghe màu trắng là sợi cũ của mình. Sợi dây to, mềm chứ ko mỏng như sợ đen. Do sợ trắng bị mèo cắn đứt dây nên mình mới mua dây mới.  Mình ko rõ sản phẩm của shop là loại 1 hay loại 2. Nếu là loại 2 thì xin shop hãy bán thêm loại 1 nữa. Đắt hơn 1 chút cũng được. Chỉ cần dùng bền và êm là được.",2025-11-04 11:42 | Phân loại hàng: MẦU ĐEN
vuquanglinh1990,4,"Chất lượng tạm ổn so với tầm giá trên 50k Đóng gói chắc chắn, giao hàng nhanh... Nghe loa là tạm ổn trong tầm giá, về độ bền thì nhìn day có vẻ mỏng manh...",2025-07-04 23:26 | Phân loại hàng: MẦU ĐEN
trantrungtin781,4,Buồn shop quá tai nghe bên trái nghe to hơn bên phải 4 sao thôi,2024-07-11 18:46 | Phân loại hàng: MẦU TRẮNG
h*****6,4,"Sản phẩm dùng khá ổn, chất lượng tạm hài lòng so với mức giá. Thiết kế bắt mắt, giao hàng đúng hẹn. Tuy nhiên, vẫn còn một vài điểm nhỏ cần cải thiện để nâng cao trải nghiệm người dùng. Mong rằng sẽ thấy sự cải tiến trong những lần tới.","2025-04-09 10:30 | Phân loại hàng: MẦU ĐEN, MẦU TRẮNG"
b*****m,4,"Tai nghe êm tai, hộp xinh lắm. Giao hàng cũng nhanh. Nói chung ưng ý, mua đi mọi ng",2023-07-10 08:33 | Phân loại hàng: MẦU TRẮNG
ngocdatkhi,4,"Về phần người bán hàng: rep tin nhắn khá chậm, hời hợt, gói hàng hơi lâu( 2 ngày)  Về giao hàng: không có gì để chê. Về phần tai nghe: hoàn thiện ổn, hơi lỏng lẻo phần phím bấm tăng giảm, chất âm: thiếu bass, các dải âm còn lại khá tốt. Nếu có gì đánh giá thêm thì sẽ thêm",2023-05-08 12:14 | Phân loại hàng: MẦU TRẮNG
phuongthuy3112vn,4,"Sản phẩm đóng gói cẩn thận , giao hàng nhanh , tai nghe nghe ổn phết  nói chung nên mua nhà",2024-11-18 17:02 | Phân loại hàng: MẦU TRẮNG
tran_thi_tuoi,4,Đã nhận được hàng. Tai nghe tiền nào của ấy. Nghe tạm thôi. Nghe nhạc thì chán lắm. Tai nghe màu đen. Tai nghe giá rẻ thì chất lượng như thế là đúng rồi.,2025-10-01 17:00 | Phân loại hàng: MẦU ĐEN
v*****6,4,"Dây của mình không dùng được mic với nút tăng giảm âm, nghe khá ổn",2024-11-02 18:51 | Phân loại hàng: MẦU TRẮNG
a*****g,4,Mua màu đen nhưng lại đưa màu trắng và mấy sợi dây nhìn mà sợ nó đứt dây nghe ác,2024-02-21 14:03 | Phân loại hàng: MẦU ĐEN
bunnymei24,4,"Shop giao nhanh tuy nhiên đóng gói khá sơ sài cụ thể là một lớp giấy. Mình biết cái này không phải hàng dễ vỡ tuy nhiên vỏ hộp tai nghe bị nứt khiến lúc mình mở ra siêu hụt hẫng. Cũng không thể trách hết shop 1 phần do vận chuyện va đập các thứ. Tuy nhiên mình mong shop có thể chú ý lại phần đóng gói với các bạn khách sau tránh bị hụt hẫng lúc unbox như mình. Còn lại thì ok, tai nghe vẫn ổn, nghe tốt không có lỗi gì cả.",2025-11-13 21:47 | Phân loại hàng: MẦU TRẮNG
dyu_4o8dca,4,"Hàng đóng gói cẩn thận, nghe rõ k rè, bass bình thường. Tăng giảm âm lượng k thấy có tác dụng. Giá tiền này chắc cũng chỉ đến vậy.",2024-08-08 09:02 | Phân loại hàng: MẦU TRẮNG
duongtranngocanh,4,Tai nghe tốt nhưng vận chuyển hơi vỡ méo và xước ko bt có pk hàng đã qua sử dụng ko nx âm thanh tốt vs mức giá này thì ko đòi hỏi nhưng vận chuyển shop pk lưu ý hơn,2024-10-02 11:13 | Phân loại hàng: MẦU TRẮNG
n*****3,4,"chất lượng âm thanh khá ổn trong tầm giá, với giá này k đòi hỏi thêm","2024-07-02 16:07 | Phân loại hàng: MẦU ĐEN, MẦU TRẮNG"
thuong2405,4,"Hộp đựng tai nghe bị vỡ, giao hàng nhanh.",2025-01-02 21:41 | Phân loại hàng: MẦU ĐEN
149a2dungnguyn,4,"Sản phẩm đóng gói cẩn thận, nhưng mà có điểm trừ là vỏ hộp bị 1 vết xước lớn, tai nghe có lẽ bị cuốn khá chặt nên nhiều chỗ dây hơi biến dạng. Nói thật là cx hơi thất vọng chút nhưng thôi tại rẻ mà. Tiền nào thì của nấy thôi. Mong shop lần sau rút kinh nghiệm.",2025-12-10 10:11 | Phân loại hàng: MẦU ĐEN
vanhang11,4,Mình mua cả tai nghe lẫn dây sạc mà shop gửi cho mình mỗi dây sạc là sao?? P/s: shop làm việc rất nhanh và đã hoàn tiewnf cho mk nha,2022-09-12 12:30 | Phân loại hàng: MẦU TRẮNG
lanhuong2107,4,"Tai nghe ổn áp mỗi tội dây hơi ngắn. Đóng gói hàng cẩn thận, giao hàng nhanh. Sẽ còn quay lại ủng hộ shop",2024-06-27 08:40 | Phân loại hàng: MẦU ĐEN
ynnhiphm833,4,"Giao hàng nhanh, đóng gói cẩn thận, tai nghe rõ cả 2 bên, giá cũng ok",2024-12-04 12:07 | Phân loại hàng: MẦU TRẮNG
d*****v,4,To đau tai lắm mn 🥲 đeo lâu đau tai v Nên mua loại nhỏ hơn í,2024-09-11 21:30 | Phân loại hàng: MẦU TRẮNG
pa_pa243,4,Tai nghe ko nhét vừa lỗ tai,2025-01-28 21:58 | Phân loại hàng: MẦU TRẮNG
mocmattroi383,4,"Sản phẩm dùng ok trong tầm giá, mẫu mã giống miêu tả, giao hàng nhanh.",2024-08-14 11:12 | Phân loại hàng: MẦU TRẮNG
baohando,4,"Lần đầu mua hàng thì giao thiếu đơn cho mk. Nhưng khi phản hồi lại cho shop đã được giải quyết nhanh chóng. Nhưng phải nt zalo mới giải quyết chứ nt trên tin nhắn shop thì chắc các bạn ý ko check. Sau mua lại thấy tai nghe khá ổn, âm thanh trong, đều nhưng phần đeo hơi to nên đeo 1 time dễ bị đau tai🥲🥲",2023-08-02 17:04 | Phân loại hàng: MẦU ĐEN
thepotatohehe,4,"Sản phẩm tốt, mình nghe cũng được gần 2 tuần rồi thấy vẫn oke nhé! Bass nghe rõ, xứng đáng mua lại. Mình cho 4 sao vì lúc nhận hàng hộp mình bị nứt🥲 cũng bùn nhưng mà giá vậy là ok ròi.",2024-07-08 22:15 | Phân loại hàng: MẦU TRẮNG
t*****7,4,"Đóng gói nhỏ nhắn, xinh xắn, hộp ko móp. Mà tai nghe dây cao su hơi mỏng cộng mua về nghe tai phải lệch âm so với tai trái. Mà máy có phần mềm khắc phục đc nên ko sao. Noia chg là 4 sao thôi. Mua thì đc mà chắc nếu mua lại sẽ chọn sản phẩm khác. Tks",2023-07-18 12:09 | Phân loại hàng: MẦU ĐEN
trangnamthu,4,Nhìn hộp tai nghe xịn sò thật sự luôn mình chưa dùng nên chưa biết ntnao nhưng nhìn ngoài thấy oki rùi mà lại rẻ nữa chứ,2024-08-08 10:29 | Phân loại hàng: MẦU TRẮNG
vannguyenthi753,4,Cách Triệu Hồi Hoàng Thượng Ít Ai Biết Chỉ Cần Giơ Ngón Trỏ Là Mèo Tự Chạy Đến #Matrixmediafilter đảo ngược mặt lệchThử Thách Nhịn Cười Filterhiệu ứng đọc tiếng anhMèo Garfield,2025-07-25 12:37 | Phân loại hàng: MẦU TRẮNG
hocmietmai123,4,"giao hàng nhanh, tai nghe đẹp, chất lượng thì chưa nghe nên chưa biết thế nào",2023-12-08 10:46 | Phân loại hàng: MẦU TRẮNG
imqueen12,4,"Thấy hộp sang lắm nha, nhìn như tưởng ra shop mua, giá rẻ, đeo vào nghe thấy ổn, mặc dù bass không hay lắm nhưng so với giá tiền thì oke rùi. Video đăng cho đủ",2025-05-29 00:01 | Phân loại hàng: MẦU TRẮNG
t*****1,4,Tai nghe xịn hết nấc. Nếu ai có ý định mua thì cứ nhanh tay đặt hàng nhá Vì sản phẩm chất lượng ạ!,2023-07-07 19:13 | Phân loại hàng: MẦU TRẮNG
lqlw8d81wx,4,Âm lượng to. Nhưng nút tăng giảm âm lượng không sử dụng được. Dây dễ bị nứt á. Chất lượng trong tầm giá. Tư vấn nhiệt tình,2024-12-27 14:40 | Phân loại hàng: MẦU TRẮNG
phamlong17062000,4,"Mình nghe một ngày thấy ẩm thanh ổn, mic ổn nhưng đeo tai nghe dễ bị rơi.",2024-06-07 11:59 | Phân loại hàng: MẦU ĐEN
schedir,4,"Nghe gọi ok, âm thanh ổn. Tuy nhiên dây cảm giác nhỏ nên không biết có bền không, nhỏ hơn nhiều so với tai nghe dây của hãng khác. Hộp không biết do vận chuyển mà còn bị nứt",2023-04-13 19:38 | Phân loại hàng: MẦU TRẮNG
z*****8,4,Đóng gói cẩn thận,2025-02-17 21:51 | Phân loại hàng: MẦU TRẮNG
dangvutupt,4,"Hàng chuẩn như hình, Ship hàng nhanh chóng. Hy vọng dùng bền.",2024-04-01 12:28 | Phân loại hàng: MẦU TRẮNG
tquynquyn055,4,Đóng giói hơi lạ hàng cũng bị móp ở góc còn nức bên trong  nx ko bt sài lâu ko bt có bền ko,2025-10-10 12:55 | Phân loại hàng: MẦU TRẮNG
b*****2,4,"Sản phẩm đúng với mô tả, chưa dùng nên không rõ chất lượng, đóng gói khá sơ sài, giao hàng nhanh.",2023-10-30 11:29 | Phân loại hàng: MẦU TRẮNG
anhthl267,4,"Giao hàng nhanh , đúng sản phẩm. Tai nghe dùng được , hmm shop gói hàng k kĩ lắm nha . Thời tiết này hàng dễ vỡ với ướt may mà k ảnh hưởng thấm bên trong",2024-10-09 11:48 | Phân loại hàng: MẦU TRẮNG
t*****a,4,"Dây tai nghe này hơi ngắn , nghe cũng bình thường , giá rẻ nên là cũng không mong nhiều guyên, do các nhà Chiêm tinh Babylon cổ đại sáng tạo ra. Theo các nhà Chiêm tinh học và Thiên văn học thời cổ đại, vòng tròn 12 cung hoàng đạo là một vòng tròn",2024-11-07 11:41 | Phân loại hàng: MẦU TRẮNG
n*****1,4,"Ảnh và video chỉ mang tính chất nhận xu. Giao hàng nhanh, tai nghe dùng ổn, giá hợp lý",2024-10-30 00:08 | Phân loại hàng: MẦU ĐEN
quangtuan00,4,"Đang nghe tai nghe của iphone. Nghe tai này tụt hết cảm xúc. Tiền nào của đấy thôi, nghe chống điếc thì ok",2025-02-19 21:45 | Phân loại hàng: MẦU TRẮNG
t*****2,4,Đã bóc ra và dùng thử thấy khá ok. Mua dùng đc nhé. Khá ok,2023-11-14 00:03 | Phân loại hàng: MẦU TRẮNG
n*****0,4,"Shop giao đúng mẫu, đóng gói tạm, tai nghe vừa cắm vào thì bị dè nhẹ, k biết dùng có bền k nữa, phải dùng 1 time mới rõ",2024-04-17 14:23 | Phân loại hàng: MẦU ĐEN
thienmythinguyen,4,"Sản phẩm nghe ổn, so với quá thì chất lượng khá oke, nhưng đeo hơi đau tai, đóng gói cẩn thận đẹp mắt",2025-10-23 22:51 | Phân loại hàng: MẦU TRẮNG
khangnguyen_19,4,"Giao hàng nhanh, hộp đẹp nhưng âm thanh 2 bên to nhỏ khác nhau",2023-06-14 10:31 | Phân loại hàng: MẦU TRẮNG
duc_nam94,4,"Hộp sản phẩm khá tốt, có điều phần dây 2 đầu chỗ míc hơi khó gỡ và khá mỏng manh",2025-12-31 18:52 | Phân loại hàng: MẦU ĐEN
h*****_,4,"Mic ổn, tăng giảm âm lượng ổn, tai nghe hơi to  hơi đau tai, bỏ vào hộp nên dây bị gấp khúc, cách đây 5 tháng có mua 1 cái nay đã bị điếc 1 bên, cái này chăc cũng vậy.",2024-11-01 18:44 | Phân loại hàng: MẦU TRẮNG
leeehoaa,4,"Mình tặng cho bạn nhưng mà giao hàng hộp bị vỡ, mình buồn trừ 1*",2023-06-07 18:59 | Phân loại hàng: MẦU TRẮNG
hung0812385839,4,good sound performance but the box is little bit broken,2024-01-25 13:14 | Phân loại hàng: MẦU TRẮNG
t*****0,4,"Nghe tạm được thôi ạ, phù hợp với tầm giá chứ âm thanh nghe nhạc thi cung ko phải hay lắm!",2024-07-07 17:43 | Phân loại hàng: MẦU TRẮNG
tienhan1719,4,"Giao hàng siêu nhanh,tai nghe ổn,dễ nhét tai ko bị tuột,hộp đựng tai nghe xinh xắn",2023-06-23 14:46 | Phân loại hàng: MẦU TRẮNG
dangthihuyen2906_nb.com,4,"Đóng gói sản phẩm nhỏ gọn, giao hàng nhanh, sản phẩm giống mô tả, tai nghe hơi to, đeo lâu bị đau tai",2023-07-25 10:37 | Phân loại hàng: MẦU TRẮNG
phanhh811,4,rất ổn so với giá tiền mà mình đã bỏ ra nhưng khá dễ rơi khỏi tai,2024-05-23 12:47 | Phân loại hàng: MẦU TRẮNG
spilazsola,4,Âm thanh tai nghe rất tốt,2025-02-15 15:25 | Phân loại hàng: MẦU ĐEN
a*****6,4,Giao hàng nhanh nhìn màu tài nghe hơi bẩn chất lượng cũng được,2024-04-11 17:55 | Phân loại hàng: MẦU TRẮNG
t*****l,4,"Mình test thấy nghe ổn nha mng, nói chung là ""nghe được"" thôi chứ nói về âm thanh tất nhiên ko hay rồi, mic nói bên kia nghe rõ ràng. Độ bền thì chưa rõ.",2024-03-18 11:54 | Phân loại hàng: MẦU TRẮNG
n*****h,4,"Sản phẩm đóng gói kĩ, mà tai nghe mình thấy hơi to nên đeo lâu sẽ có cảm giác khó chịu, gây đau tai. Với giá này thì chấp nhận được",2024-08-18 19:31 | Phân loại hàng: MẦU TRẮNG
phanminh701,4,"Giáo hàng nhanh, đóng gói cận thận.  Chất lượng phù hợp với giá.",2024-10-24 19:59 | Phân loại hàng: MẦU ĐEN
nhungban164,4,"Tai nghe cũng ok, với giá tiền như vậy thì mình cũng không đòi hỏi nhiều",2023-09-08 08:43 | Phân loại hàng: MẦU ĐEN
dimhthinguyen,4,"Tai nghe âm thanh khá là ok, rõ . Đơn đi siuuuuu nhanhhhh luôn",2025-03-13 16:19 | Phân loại hàng: MẦU TRẮNG
n*****7,4,"Âm thanh nghe ổn, phù hợp giá tiền, hộp đựng có bị trầy một chỗ.",2023-08-11 11:27 | Phân loại hàng: MẦU ĐEN
l*****3,4,Nghe ko ok bằng loại tai nghe của oppo ạ. Cái tai đeo vào cũng khá cấn ko êm như mong đợi,2024-09-06 11:18 | Phân loại hàng: MẦU ĐEN
nguyendangvinh1984,4,"Giá cạnh tranh, headphone nghe tiếng to, rõ. Chất lượng tốt trong tầm giá 58k",2024-06-27 15:33 | Phân loại hàng: MẦU TRẮNG
ocxu1gv2at,4,"Tai nghe to , rõ ràng , chất lượng khá ổn mỗi tội đầu tai nghe hơi to đeo cảm giác ko vào hẳn tai",2025-10-04 21:31 | Phân loại hàng: MẦU ĐEN
n.double.t,4,"Mới dùng ngày thứ 2…  Nhưng mà thôi với giá này thì cũng chấp nhận, nghe đc là được 😂",2025-02-13 14:27 | Phân loại hàng: MẦU TRẮNG
n*****8,4,"shop đóng gói hơi sơ sài sản phẩm giống hình, giao nhanh dùng mới đánh giá chất lượng được",2025-07-27 23:00 | Phân loại hàng: MẦU TRẮNG
khanhd2019,4,"chất lượng ổn so với giá tiền, mua để dùng tạm ok",2025-03-18 09:39 | Phân loại hàng: MẦU ĐEN
passion_tt,4,"Hàng giao đúng hẹn ạ, đóng gói ok, nghe thử cũng ổn áp với giá này lắm, chỉ là nó hơi to so với tai :<",2024-12-16 18:42 | Phân loại hàng: MẦU ĐEN
s*****x,4,"đóng gói cẩn thận, giao hàng đầy đủ. giao nhanh chóng, không thiếu sản phầm",2025-06-25 17:50 | Phân loại hàng: MẦU TRẮNG
linhtml,4,"Shop cuốn vào cái hộp lung tung làm gãy hết mấy đoạn dây, vẫn nghe được mà kb có bền không",2025-08-22 16:36 | Phân loại hàng: MẦU TRẮNG
abcabz,4,"Cảm giác tai nghe hơi to, đeo vào hơi khó chịu. Nma nghe oke, 4 sao thui v",2022-12-02 12:35 | Phân loại hàng: MẦU TRẮNG
hlanvi,4,Chất lượng âm thanh tạm ổn Mua lâu r giờ mới đánh giá Cx khá ok đó,2024-04-18 21:17 | Phân loại hàng: MẦU TRẮNG
thuongdoublehtt,4,"Nghe rõ, nhưng dây khá mảnh có vẻ dễ đứt, giá rẻ nên cũng k mong đợi jh nhiều hơn",2025-07-12 13:27 | Phân loại hàng: MẦU TRẮNG
mylink1996,4,Video và hình ảnh của mình chỉ mang tính chất nhận xu sản phẩm ok lắm,2024-07-11 14:38 | Phân loại hàng: MẦU TRẮNG
minhtam23.04,4,Sản phẩm giao đúng với mặt hàng khi thử thì thấy ok ko bị đụt,2024-12-13 10:00 | Phân loại hàng: MẦU TRẮNG
s*****6,4,"dao động 17,5-25,42 điểm, trong khi năm 2023 là 14,74-24,19 điểm.  Điểm chuẩn Học viện An ninh Nhân dân năm nay dao động 17,5-25,42 điểm. Trong đó, mức điểm chuẩn cao nhất áp dụng đối với thí sinh nữ vùng 3, xét tuyển CA2 nhóm ngành Nghiệp vụ An ninh",2024-08-28 10:03 | Phân loại hàng: MẦU TRẮNG
reviewthatdo,4,"Tau nghe chập chờn, lúc rè lúc ko, tai phải có dấu hiệu nghe kém hơn tai trái. Thôi nghe tạm. Nút bấm thì chỉ có 1 chức năng là giảm âm lượng chứ ko bấm tăng âm lượng đc. Mic cắm đt nghe được nhưng cắm lap ko nhận mic ko nghe được",2023-05-08 15:21 | Phân loại hàng: MẦU TRẮNG
dangluyen_it,4,Đặt màu đen giao màu trắng chưa đánh giá chất lượng tai nghe có ổn không,2025-10-01 10:16 | Phân loại hàng: MẦU ĐEN
l*****4,4,"Giao nhanh, đóng gói thấy chắc chắn. App xu săn được giá hời đubsudbd. Đubd",2025-11-03 15:04 | Phân loại hàng: MẦU ĐEN
ton_anh_tong.2005,4,"Tai nghe giao hàng nhanh chóng, mà nghe cũng bình thường à, âm hơi nhỏ",2026-01-05 12:11 | Phân loại hàng: MẦU TRẮNG
m*****7,4,"Giao hàng nhanh, giá rẻ lắm, loa bên tai trái bé hơn bên tai phải",2024-01-04 14:04 | Phân loại hàng: MẦU TRẮNG
sunnsoii97,4,Dùng tốt nhưng mình săn đc 41.300 ship thu mình 43.000. Không hiểu lắm,2025-05-29 16:50 | Phân loại hàng: MẦU TRẮNG
pdmt243,4,"Đúng nghĩa tai nghe chống điếc thôi, nghe được tiếng chứ chất lượng lỏ :))  Được cái giá mềm, và giao nhanh. Nói chung cũng ok",2025-07-20 22:03 | Phân loại hàng: MẦU ĐEN
tm4082,4,"Chất lượng phù hợp với tầm giá, ko đòi hỏi nhiều Nhưng do ko phản hồi với khách khi gặp vấn đề nên trừ 1sao",2023-09-28 10:35 | Phân loại hàng: MẦU TRẮNG
namnam290188,4,"Tai nghe rẻ, chưa sử dụng nên chẳng biết có bền hay ko, dây nhìn rất mỏng manh yếu đuối nên anh em xài nhẹ tay chút ko thì dễ đứt lắm. Shop gói hàng cũng hơi chán, shop Mall mà ko dám đầu tư cái hộp cho đàng hoàng nữa","2025-11-09 14:25 | Phân loại hàng: MẦU ĐEN, MẦU TRẮNG"
fueby_1hn3,4,,2025-06-07 22:57 | Phân loại hàng: MẦU ĐEN
vanphonglinh84,4,Tai nghe dùng tốt nhưng hộp và tai nghe trông không được mới đẹp.,2025-09-16 09:14 | Phân loại hàng: MẦU ĐEN
_*****e,4,"Độ hoàn thiện sản phẩm: 6.5/10. Cuốn chặt vào hộp nên rất dễ móp, gãy dây, do cọng dây mỏng hơn dây tai nghe hãng App. nhiều Jack cắm không phù hợp, bị lỏng với thiết bị nên ban đầu cắm chỉ nghe được 1 bên tai. Sau điều chỉnh thì nghe bth 2 tai. Âm thanh nghe được, tạm chứ không xuất sắc như mọi người tâng bốc 🤗",2025-04-25 15:01 | Phân loại hàng: MẦU TRẮNG
tran.tien_,4,Shop support khá nhanh và tốt.,2024-06-14 16:23 | Phân loại hàng: MẦU TRẮNG
u*****b,4,Đúng với mô tả về cho phu huynh dùng rất ok ạ,2025-02-12 21:39 | Phân loại hàng: MẦU ĐEN
nguyen_hoang_quynh_tran,4,Có chỗ bị gãy đoạn,2022-12-07 12:18 | Phân loại hàng: MẦU TRẮNG
t*****3,4,"Giao đủ, giao trong 4 5 ngày  Đóng gói hơi k được đẹp Hình thức ok Mọi thứ ok Trừ khi sử dụng... Nghe trên máy tính thì k hay, k nghe đc tiếng nói ( tiếng nói sẽ nhỏ hơn nhạc nền)  Với giá này nên cũng k mong chờ lắm",2025-03-27 09:28 | Phân loại hàng: MẦU ĐEN
ngocthao2005,4,"Gói hàng rất sơ sài, hộp vừa móp vừa vỡ may vẫn nghe được. Giao hàng khá nhanh",2024-01-08 11:52 | Phân loại hàng: MẦU TRẮNG
huyennmyy217,4,"Cái tai nghe, nghe cũng ổn áp nhưng mà chổ nút bấm tăng giảm âm lượng nó cứ không ăn hay gì á",2025-07-21 14:06 | Phân loại hàng: MẦU TRẮNG
maiing633,4,dùng khá ok shop thấy cũng nhiệt tình khá rcm cho mọi người nha,2026-01-05 17:23 | Phân loại hàng: MẦU TRẮNG
y*****9,4,"biết là giá rẻ chỉ được vậy thôi nhưng mà chất lượng tệ hơn cả mình nghĩ, nhưng mà rẻ nên mua vội chữa chays cx đc",2025-04-30 18:31 | Phân loại hàng: MẦU ĐEN
k*****0,4,"Tạm ổn với mức giá. Âm thành rè rè không thích lắm, rắc cắm lỏng, dây cũng mỏng. Để xem dùng được bao lâu",2025-06-21 14:00 | Phân loại hàng: MẦU TRẮNG
tuyet_nguyen1609,4,"phàn tai nghe ko có lớp mút nên nghe lâu khá đau tai, chất lượng âm thanh ổn trong giá tiền",2024-10-27 12:58 | Phân loại hàng: MẦU ĐEN
vrvjkj6r84,4,Tạm ổn với giá tiền lâu lâu hơi bị rè 1 tí nhưng nói chung ok,2023-08-08 12:18 | Phân loại hàng: MẦU TRẮNG
linh25290,4,Cảm quan là rất đẹp nhé mng còn chất lượng chưa dùng nên chưa đánh giá dc,2023-11-03 16:23 | Phân loại hàng: MẦU TRẮNG
h*****3,4,"Không biết dùng lâu ổn kh , nhưg mà cứ thử xem sao , nếu đc thì sau bnmkl",2023-10-27 13:58 | Phân loại hàng: MẦU TRẮNG
evansamber,4,"Kb do lâu k dùng tai dây hay sao, nma cảm thấy dây hơi ọp ẹp, nghe tai trái to hơn tai phải",2025-02-17 21:41 | Phân loại hàng: MẦU TRẮNG
tranvu51,4,Hàng giao đúng mẫu. Sử dụng tạm được. Giắc cắm xoay nhẹ sẽ bị mất âm thanh 1 tai. Nút tạm dừng và tăng giảm âm lượng ko hoạt động. Chấp nhận được so với giá,2025-01-16 23:55 | Phân loại hàng: MẦU TRẮNG
r*****i,4,,2024-06-07 12:54 | Phân loại hàng: MẦU TRẮNG
n*****g,4,"cũng được nhưng mà chức năng bấm dừng video, nghe gọi không hoạt động",2024-07-11 23:54 | Phân loại hàng: MẦU ĐEN
chuducanh819,4,"bị lệch âm lượng, phải xài equalizer chỉnh lại cho cân, mà giá thành rẻ nên oke",2025-07-12 00:30 | Phân loại hàng: MẦU ĐEN
thaisan1906,4,"Nghe cx ổn , nhưng max loa hơi bé vẫn nghe đc tiếng mng xung quanh . Mng cân nhắc . 69k thì coi như cx tạm",2025-10-21 12:40 | Phân loại hàng: MẦU ĐEN
camsaybuy20,4,"Sp khá tốt, nghe khá hay, giá cả hợp lý ( hình ảnh chỉ mang tính chất nhận xu)",2024-05-31 08:43 | Phân loại hàng: MẦU ĐEN
buithao1122,4,Sản phẩm sài ổn với giá tiền nha mn . Nên mua ạaaaa. Hình ảnh mang tính chất nhận xu,2024-04-30 23:54 | Phân loại hàng: MẦU TRẮNG
anhvan0205,4,Moi nguoi mua di minh thay xem live san slae cũng re,2024-01-06 18:33 | Phân loại hàng: MẦU TRẮNG
xu_tac_em.07,4,Sản phẩm cx tạm đc trong tầm tiền Nếu nghe âm thanh quá to hoặc bị lag thì tiếng sẽ dè,2024-07-11 11:33 | Phân loại hàng: MẦU TRẮNG
vutuanthanh04,4,"Cũng ổn đó, ship hàng trong HN mất tầm 2 ngày",2023-03-20 11:53 | Phân loại hàng: MẦU TRẮNG
t*****3,4,"Giao hàng nhanh, đóng gói cẩn thận, mua một tháng rồi vẫn nghe được",2025-03-11 19:33 | Phân loại hàng: MẦU TRẮNG
phungvanhungls,4,Hàng đóng gói cẩn thận,2024-03-29 23:27 | Phân loại hàng: MẦU TRẮNG
ducgiang97,4,"Mình đeo thì thấy tai nghe ko bám tai cho lắm, đôi kho thấy cấn cấn gây đau tai.  Nhưng giá thành rẻ ko mong đợi nhiều hơn",2023-08-21 14:33 | Phân loại hàng: MẦU TRẮNG
e*****c,4,"nghe không bị đau tai , nghe rất thoải mái , bass cũng rõ",2025-02-18 17:52 | Phân loại hàng: MẦU TRẮNG
pv_y2k_k7z,4,"nghe khá hay, tiinges ra cũng hay nữa, mọi người nên mua nhé, rất rcm",2025-12-14 19:45 | Phân loại hàng: MẦU ĐEN
,4,Nghe to rõ nhưng ko có bass tai nghe thì hơi cấn với tai nhỏ,2024-12-21 11:18 | Phân loại hàng: MẦU ĐEN
n*****0,4,Hình ảnh chỉ manh tính chất minh hoạ thôi Nhưng mình mua về thì dùng tốt lắm chỉ là chắc do mình k biết giữ sao á mà nó hỏng mất 1 bên tai nghe r nên giờ k nghe đc khóc,2023-09-02 07:54 | Phân loại hàng: MẦU ĐEN
7*****f,4,"Shop giao hàng đúng như dự kiến,nói chung giá rẻ. lười chụp ảnh quá:)",2025-06-19 12:44 | Phân loại hàng: MẦU TRẮNG
phamsonloco,4,được đấy chứ tôi thays ghe ổn ạ nhjnbgj sẽ mua tiếp nếu ok j,2024-12-14 15:13 | Phân loại hàng: MẦU TRẮNG
tuanh2908,4,"Chưa sử dụng nên chưa biết nhưng đóng gói cẩn thận, đẹp",2024-04-04 22:15 | Phân loại hàng: MẦU TRẮNG
yppn5zpwf5,4,Mình recommemd là mọi người nên mua dùng thử ạ……..,2024-09-11 16:09 | Phân loại hàng: MẦU TRẮNG
t*****n,4,Giao hàng nhanh chóng. Đóng gói hàng hoá cẩn thận. Sản phẩm hr,2024-11-08 15:59 | Phân loại hàng: MẦU TRẮNG
l*****4,4,"đã nghe thử và thấy chất lượng âm thanh ổn nha, phần đầu của tau nghe rủ xuống hơi lạ đeo k quen,",2023-08-21 13:20 | Phân loại hàng: MẦU TRẮNG
mihaohaohbc,4,Chất âm ổn trong tầm giá. Đầu nhét tai hơi to,2024-06-21 20:23 | Phân loại hàng: MẦU ĐEN
hoangnhan133,4,"Đóng gói đẹp, hộp đẹp nhưng tai nghe hơi không ổn, nghe dc nhưng liệt phím tăng giảm âm lượng",2025-08-13 20:57 | Phân loại hàng: MẦU ĐEN
iuanhmin,4,"Shop giao cx khá nhanh nhưng đóng gói k cẩn thận lắm lúc giao đến có 1 hộp của mình bị nứt,shop còn giao sai màu nữa🤣",2024-01-05 18:25 | Phân loại hàng: MẦU ĐEN
h*****3,4,Tai nghe này đeo khá đau tai vì không có lớp đệm Cân nhắctrc khi mua vì giá rẻ mà Âm thanh thì nghe được,2023-05-21 14:18 | Phân loại hàng: MẦU TRẮNG
duymai824,4,"Âm lượng ổn, dùng tốt nhưng hộp có vết nứt",2025-11-14 12:20 | Phân loại hàng: MẦU ĐEN
nguynngvn139,4,"Trong tầm giá tạm ổn, tai nghe loa nhỏ, cần mức âm lượng lớn, âm thanh trong.",2024-06-05 13:29 | Phân loại hàng: MẦU TRẮNG
thanhcong37vn,4,giao hàng nhanh. giá tiền phủ hợp,"2024-04-28 11:10 | Phân loại hàng: MẦU TRẮNG, MẦU ĐEN"
hiidangduong,4,"kiểu dây hơi mảnh, mình nghĩ dây dày cơ nên hơi khác tưởng tượng chút cảm giác k quá chắc chắn nên cho 4 sap thui ha với tai nghe hơi o với tai minh hic hoặc do tai mình nhỏ nhưng thui cảm ơn sốp ạ chúc sốp buôn may bán đắt",2025-08-19 19:11 | Phân loại hàng: MẦU ĐEN
tytrcninhmng,4,"Thật sự là âm thanh không được tốt lắm, bị ồn, nhưng mà với giá rẻ như vậy thì cũng không mong cầu nhiều hơn",2025-08-26 14:10 | Phân loại hàng: MẦU TRẮNG
yndng212,4,"Giao hàng nhanh, sản phẩm phù hợp với giá tiền, nói chung là oke, tuy nhiên chất lượng âm thanh sẽ  k hay bằng những sp giá cao hơn",2025-10-05 16:09 | Phân loại hàng: MẦU TRẮNG
yoongukkie,4,chất lượng oke mà tại lười chụp quá nên tui để ảnh như này nha mà chất lượng oke á,2024-01-11 07:44 | Phân loại hàng: MẦU TRẮNG
kinn_meo,4,Hinh nhna xu. Nhan hàng roi ok âm thanh rất ổn. Sẽ ủng ho lan sau.,2025-07-28 16:57 | Phân loại hàng: MẦU ĐEN
thanhan20003,4,"Chất lượng tốt, mới dùng lên ko biết được lâu ko",2025-03-29 16:38 | Phân loại hàng: MẦU TRẮNG
ngootuyeet,4,"Gió hàng nhanh , cả 2 bên đều nghe rõ k bị dè , nhưng mình k hợp hay sao á nên đeo 1 lúc là bị đau tai",2024-10-16 15:36 | Phân loại hàng: MẦU TRẮNG
touyen315,4,"Có chiến hữu sát cánh, bước tiến nào cũng mạnh mẽ hơn!  Vậy làm sao để tri ân những mãnh hổ ấy?  Hãy để Tiger sẽ mang đến những trải nghiệm cực kỳ thú vị — đầy bất ngờ và ý nghĩa, dành cho bạn và anh em.  Gọi hội chiến hữu, cùng Tiger sẵn sàng bước tiến tiếp theo! 🍻  #Tigerbeer #Satcanhgamvang #KhaiXuanBanLinh ------ Lưu ý: Người dưới 18 tuổi không được uống rượu bia. Đã uống thức uống có cồn thì không được lái xe.",2024-12-05 07:03 | Phân loại hàng: MẦU TRẮNG
u*****8,4,"Hình ảnh chỉ mang tính chẤt nhận xu Giao hàng đúng dự kiến Đóng gói kỹ càng Giá thành hợp lý Nhưng tai nghe có chỗ k ok, cần xoay chui cắm mới nghe được, đôi khi còn nghe rè rè. Vỏ bọc mỏng, dễ bị gãy tai nghe",2024-03-11 21:08 | Phân loại hàng: MẦU TRẮNG
t*****9,4,So với mức giá thì không đòi hỏi nhiều hơn,2024-03-17 00:21 | Phân loại hàng: MẦU TRẮNG
ly.02.01,4,"Đặt màu trắng sao giao màu đen vậy shop ơi, không hiểuuuhuuuh",2023-12-15 14:25 | Phân loại hàng: MẦU TRẮNG
truongsuynghi,4,"Noi chung la dung chua chay thoi chu build hơi lỏ, loa nghe cũng lỏ, tien nao cua nay, 50k hoi dat :))",2025-02-17 00:31 | Phân loại hàng: MẦU TRẮNG
tho.bq,4,"Giá rẻ, dùng tạm làm tai nghe chống điếc",2024-09-07 16:42 | Phân loại hàng: MẦU TRẮNG
t*****2,4,"Cái dây tai nghe nó siêu nhỏ và mỏng,  cảm giác chỉ cần giật nhẹ cái là y rằng đứt luôn, điểm trừ là ở đấy,  nhưng giá cả rẻ nên như vậy cũng được. Tuy nhiên mình có từng mua qua với giá thành rẻ hơn ở những bên, khác loại ,  thì mình thấy dây nó vẫn to và chắc chắn hơn nhiều,  dây này lỏng lẻo lắm",2025-10-26 17:17 | Phân loại hàng: MẦU TRẮNG
q*****a,4,Dùng tạm ổn,2025-12-13 16:27 | Phân loại hàng: MẦU TRẮNG
n*****2,4,"Dùng ổn, giá hợp lý. Mình đã mua khá nhiều lần. Phù hợp dùng bình dân.",2025-09-09 10:15 | Phân loại hàng: MẦU TRẮNG
baohando,4,Tai nghe khá ổn. Nhưng phần đeo to hơn so với tai nên đeo 1 thời gian thấy hơi đau tai ý. Còn về chất lượng tai nghe thì dùng 1 time ngắn thấy khá oki nhé!,2023-08-02 16:59 | Phân loại hàng: MẦU ĐEN
o*****7,4,"Tai nghe không có vấn đề gì, nghe ổn còn về độ bền thì sau này dùng lâu mới biết",2023-02-28 10:34 | Phân loại hàng: MẦU TRẮNG
3mgmpf67y1,4,"Shop đóng hàng hơi lâu ạ, chất lượng thì bình thường thôi chứ ko tốt lắm đâu Mn, nhưng giá này thì ko trông mong gì nhiều, xài lâu sẽ bị ko nghe dc 1 bên, va đập dễ hư.",2024-08-07 21:02 | Phân loại hàng: MẦU TRẮNG
tlgiang2018,4,Đã nhận sản phẩm - đã dùng chất lượng ổn. Hình ảnh mang tc nhận xu,2024-09-02 10:39 | Phân loại hàng: MẦU TRẮNG
t*****_,4,Đóng gói cẩn thận. Giao hàng hơi lâu xíu. Sản phẩm chất lượng ổn,2023-08-18 09:56 | Phân loại hàng: MẦU ĐEN
b*****r,4,"giao hàng nhanh. nói chung tai nghe tầm giá này thì chất lượng cũng hên xui :)) những lần trc mua ở đây, tai nghe đều ổn nhưng lần này âm lượng ko đều, bên trái tiếng to hơn bên phải, bass bị tịt và tremble bị chói 🥲",2024-09-30 14:46 | Phân loại hàng: MẦU TRẮNG
rubidinh93,4,"Hình ảnh mang tính chất nhận xu, tai nghe ổn ok, giao hàng nhanh",2023-12-12 09:31 | Phân loại hàng: MẦU TRẮNG
hnhnguyn835,4,"Giá rẻ, tại nghe tốt, nhưng mà đeo đau tại vl còn lại thì ok....",2025-10-14 14:56 | Phân loại hàng: MẦU TRẮNG
kequkvvdtt,4,,2025-10-17 22:11 | Phân loại hàng: MẦU TRẮNG
shvf4vluvk,4,Sản phẩm phù hợp với giá tiền,2023-11-30 21:44 | Phân loại hàng: MẦU ĐEN
m*****3,4,"Shop giao hàng nhanh. Chất lượng sản phẩm phù hợp giá tiền. Nghe thì được nhưng lúc call micro hay bị rè, không biết nguyên nhân do đâu.",2024-05-18 08:55 | Phân loại hàng: MẦU TRẮNG
m*****3,4,"Ko vang như mình nghĩ, ko bằng tai nghe samsung cũ của mình. Chỉ ổn trong tầm giá thôi",2023-07-03 16:26 | Phân loại hàng: MẦU ĐEN
t*****1,4,"Giao hàng nhanh, đóng gói cẩn thận. Tuy nhiên đeo cảm giác to so với tai",2025-12-12 19:56 | Phân loại hàng: MẦU TRẮNG
p*****5,4,"Sản phẩm rất dễ sử dụng, hướng dẫn chi tiết. Hài lòng với mua sắm này.",2025-01-24 10:46 | Phân loại hàng: MẦU TRẮNG
g*****e,4,"Ship nhanh nhưng thi thoảng hơi rè, trc mua 1 lần rồi dùng ổn nên mua lại mà chất lg đợt này k như đợt trc",2025-03-26 09:21 | Phân loại hàng: MẦU TRẮNG
h*****8,4,Trông cứ cũ cũ nhưng thôi k sao đơn 0d,2025-06-19 13:26 | Phân loại hàng: MẦU ĐEN
t*****n,4,"Sale còn 45k. Shop gói hàng gọn nhẹ, may là không bị gì. Ship cực nhanh. Tai nghe ok. Hai đầu tai nghe hơi to so với tai mình.  Ê update nè: hai nút to quá nên đeo một chút mà đau tai lắm huhu. dây cũng khá mong manh dễ bay. định mua thêm tai nghe ip mà đau tai quá nên khỏi nha :(",2025-11-14 10:30 | Phân loại hàng: MẦU TRẮNG
n*****2,4,Tai nghe ổn Đóng gói sản phẩm cẩn thận  Giao hàng hơi lâuuu Djjdjdnn,2023-11-14 18:02 | Phân loại hàng: MẦU ĐEN
minhanh210706,4,"Tai nghe nghe ổn, đeo êm tai mà chắc không hay bị rớt nhưng khuyết điểm là dây siêu ọp ẹp, không chắc chắn, dễ gãy dễ đứt",2024-02-15 14:49 | Phân loại hàng: MẦU TRẮNG
ducdang190190,4,Tai nghe quấn trong lõi bị gập may k đứt. Chất lượng nghe cũng phù hợp giá,2023-04-23 10:42 | Phân loại hàng: MẦU TRẮNG
x*****s,4,Cast siêu ngầu ⚔️ Rồng siêu chiến🔥 Thế giới siêu hoành tráng tại Epic Universe ở Orlando🤩 🐉BÍ KÍP LUYỆN RỒNG |,2025-05-27 19:29 | Phân loại hàng: MẦU ĐEN
h*****2,4,TANG RIENG BAN VC 50k (HSD 12/10) mua san pham SIMPLE & VASELINE. Den ngay cua hang/website de su dung nhe. Nhan ngay voucher tai,2025-09-26 09:26 | Phân loại hàng: MẦU TRẮNG
sweetkout,4,"Tai nghe giá rẻ nên cũng ko thể yêu cầu nhiều, nếu ko quá quan tâm đến chất lg âm thanh thì cx được tạm ổn phù hợp với giá tiền nhưng nghe nhạc thì chán",2024-07-01 19:34 | Phân loại hàng: MẦU TRẮNG
k*****n,4,"Kích cỡ tai nghe bị to hơn tai, k nhét dc khít vào, dễ bị rơi",2025-02-10 15:36 | Phân loại hàng: MẦU ĐEN
,4,Nghe ổn mà dây hơi mỏng cảm giác có thể đứt bất cứ lúc nào nhìn sợ,2024-10-22 14:46 | Phân loại hàng: MẦU ĐEN
t*****7,4,"204510 is your GRAB verification code. It expires in 2 minutes. Do not share it with anyone, including GRAB.",2024-11-07 00:08 | Phân loại hàng: MẦU ĐEN
dunka57,4,"vừa khui thì thấy bị gấp gãy, khá buồn",2024-11-03 02:26 | Phân loại hàng: MẦU TRẮNG
m*****2,4,"giá rẻ dùng tạm ổn, đã mua lại lần 2, giao hàng nhanh nhưng đóng gói quá sơ sài",2025-05-26 15:54 | Phân loại hàng: MẦU TRẮNG
c*****_,4,tai nghe ổn phù hợp với giá tiền hơi mỏng xíu ạ mọi người nên mua thử nha,2025-09-20 05:28 | Phân loại hàng: MẦU TRẮNG
d*****a,4,Nghe tạm trong tầm giá.,2023-12-12 15:37 | Phân loại hàng: MẦU ĐEN
5dr9rk5bhr,4,"50k thì không đòi hỏi gì nhiều được, ship hàng lâu, để ở cơ quan xem phim thôi",2023-11-13 14:03 | Phân loại hàng: MẦU TRẮNG
d*****7,4,"Dùng cho điện thoại hay máy tính đều okee nha cả nhà ơi, duyệt iem này",2025-02-15 08:59 | Phân loại hàng: MẦU TRẮNG
oox6ru5e1t,4,Hình ảnh chỉ mang tính chất lấy xu  Tai nghe giá ổn nhưng chất lượng không ổn Mình cắm vào lap để nghe nhưng cứ rè rè khi được khi không Tai nghe to nên đeo rất đau tai Mn cân nhắc ạ,2024-02-28 15:48 | Phân loại hàng: MẦU TRẮNG
snnguyn429,4,Chất lượng ổn nhưng phần đầu tai hơi quá to so vs tai,2023-12-09 21:38 | Phân loại hàng: MẦU ĐEN
phanthuhuyen010203,4,Shop giao hàng nhanh. Dây hoeu mỏng. Nghe âm cũng OK. Tiền nào của đó,2023-08-08 08:53 | Phân loại hàng: MẦU ĐEN
huu_nam_nick1,4,"So với giá tiền thì tai nghe này sử dụng tạm ổn, nghe nhạc thì tạm tạm, chủ yếu để gọi điện thì ok",2025-08-12 19:20 | Phân loại hàng: MẦU ĐEN
tngoc9573,4,2 bên tai đều là R. ko có tai L. ai mua chơi game fps là ko chơi đc nha,2024-02-16 19:13 | Phân loại hàng: MẦU TRẮNG
iq_xgf8ztu,4,"Tai nghe khá ổn, dùng chưa được 1 tháng thì nút âm lượng vs pause không hoạt động",2025-01-05 03:09 | Phân loại hàng: MẦU TRẮNG
t*****8,4,Giao hàng nhanh đúng mẫu. Hình ảnh mang tính chất nhận xu thôi nhé,2024-12-22 09:15 | Phân loại hàng: MẦU ĐEN
hunha,4,,2025-02-04 21:21 | Phân loại hàng: MẦU ĐEN
giadunghn02,4,Khách chát cần tư vấn thêm không rép bao giờ .chát hỏi mua thêm nhưng tệ chăm sóc kh nên đành mua thêm chỗ khác,2024-05-09 15:45 | Phân loại hàng: MẦU TRẮNG
jhjhjhjhjhjjhjhjhjhjhj,4,"[SUPER SALE 9.9] MỸ PHẨM GIẢM SÂU - NÀNG KHỎI BUỒN RẦU! ⚡Khởi động mùa sale lớn nhất trong năm, DHC tặng bạn deal ""KHỦNG"": - Sale up to 20% cho toàn bộ mỹ phẩm - Voucher giảm tới 100k - Tặng quà 308k cho đơn từ 499k - Duy nhất 0h-2h, tặng thêm Sữa rửa mặt ngừa mụn Hatomugi trị giá 110k 📣Đặc biệt, Shopee mở bán đa kho, tiết kiệm tối đa thời gian và chi phí vận chuyển! 💥DUY NHẤT 9.9 TẠI SHOPEE MALL 👉MUA NGAY!",2023-09-05 12:52 | Phân loại hàng: MẦU TRẮNG
zinzinx9,4,Hàng phù hợp giá,2025-08-02 11:47 | Phân loại hàng: MẦU TRẮNG
olympia21,4,"Tai nghe ổn, k bị đau tai, không bị bí như các dòng khác, có điều shop giao sai hàng",2023-09-08 19:58 | Phân loại hàng: MẦU TRẮNG
giahuy_0106,4,đầu chs lại to lù xong chéo xuống. k bám tai chút nào và âm thanh cũng k hay. ship thì lâu,2023-09-19 20:41 | Phân loại hàng: MẦU TRẮNG
letrang_119539,4,"Đóng gói cẩn thận nhưng shop quấn dây tai nghe chặt quá, để lại nếp gấp. Âm thanh bthuong.",2023-10-15 08:18 | Phân loại hàng: MẦU TRẮNG
mylink1996,4,Video và hình ảnh của mình chỉ mang tính chất nhận xu sản phẩm OK,2023-06-29 08:10 | Phân loại hàng: MẦU ĐEN
nvs_o3,4,"Ở dưới điểm danh tên trường mạnh lên 🤭 Ai sợ thì…vẫn cứ comment 😈  📣 Chuyến Xe Hứng Khởi của COCA-COLA chính thức trở lại với chiến dịch ""giải cíu"" giờ nghỉ tuột mood của các bạn sinh viên, không chỉ mang đến trải nghiệm dzui đỉnh nóc, kịch trần mà còn mang tới hàng ngàn quà tặng độc quyền 😍  👇Bạn dám điểm danh tên trường, COCA-COLA dám tới 😁  #CocaColaVN #GioNghiBungHungKhoi #BatVibeHungKhoi",2024-09-30 12:10 | Phân loại hàng: MẦU TRẮNG
v0danh,4,"4sao số chẳn cho đẹp.. kkk Thanks shop! Tạm ổn vs mức giá, 👍",2024-08-31 14:16 | Phân loại hàng: MẦU ĐEN
h*****4,4,,2024-09-21 20:48 | Phân loại hàng: MẦU TRẮNG
hai310309,4,1 tai nghe ok 1 tai nghe bên to bên bé nhưng vẫn ok,2023-07-10 11:03 | Phân loại hàng: MẦU TRẮNG
5izpbnt1a2,4,Chất lượng tạm ổn trong mức cho phép mà với mức giá này thì cũng chả mong chất lượng cao siêu. Nhưng shop đóng gói quá sơ dài -1 sao,2025-06-08 14:12 | Phân loại hàng: MẦU ĐEN
n*****5,4,Trả lời tin nhắn khách chậm còn tai nghe ổn. Hình ảnh và video chỉ mang tính chất nhận xu.,2024-06-23 20:15 | Phân loại hàng: MẦU ĐEN
thuy4918,4,,2024-03-05 15:01 | Phân loại hàng: MẦU TRẮNG
truclan99,4,Mình đặt màu trắng nhưng shop lại giao màu đen.  Thôi cũng sài tạm .,2022-11-09 21:12 | Phân loại hàng: MẦU TRẮNG
t*****8,4,Nghe không được thật cho lắm,2025-04-20 17:20 | Phân loại hàng: MẦU ĐEN
huy41521,4,tạm ổn,2024-02-29 14:34 | Phân loại hàng: MẦU TRẮNG
y*****4,4,"Tai nghe ok, dây hơi mỏng. không có đau không ạ có nhiều loại hình dịch 1 tháng trước đây tôi hiện tại có thể là nguyên liệu xong thì quên luôn á Đông có chi rứa ủy quyền chính sửa máy in chang trai hai cái cổ vịt con nhận ra luôn rồi à bản của m có cơ chế thị rồi mà",2024-01-02 15:58 | Phân loại hàng: MẦU ĐEN
v*****a,4,"giao hàng nhanh, tai nghe khá rè, dây quá mảnh dễ gãy đứt, dùng tạm",2024-11-25 00:06 | Phân loại hàng: MẦU ĐEN
t*****1,4,"Giao hàng nhanh , tai nghe thì chất lượng bình thường so với giá .  Tai nghe hơi to nên đeo lâu hơi bị đau tai xiu",2025-06-25 13:47 | Phân loại hàng: MẦU TRẮNG
mjfs2pp6mf,4,"Mới nhận , chưa sài ko biết có ok không . Tạm cho 4 sao",2026-01-01 17:22 | Phân loại hàng: MẦU ĐEN
d*****6,4,"Ko thấy hiệu ứng âm thanh vòm, test thì thấy mỗi stereo",2025-06-29 23:08 | Phân loại hàng: MẦU TRẮNG
h*****v,4,"Tai nghe rẻ cũng không yêu cầu gì hơn, có nếp gaáp thành vết trông hơi khó chịu",2024-09-05 22:07 | Phân loại hàng: MẦU TRẮNG
hquan_2212,4,Mua màu đen mà lại giao màu trắng. Hơi sai hàng nhưng mà không sao. Chất lượng sảm phẩm rất oke,2023-09-28 10:35 | Phân loại hàng: MẦU ĐEN
n*****6,4,Mình mua nhầm loại nên dth mình k dùng dc. Nma test trên dth khác thì âm thanh oke nha hình ảnh và video mang tính chất nhận xu,2024-12-03 13:21 | Phân loại hàng: MẦU ĐEN
thatthang0706,4,"Tốt, đóng gói rất ok la luôn🤧🤧. Nói chung là vượt ngoài dự đoán",2024-11-12 11:11 | Phân loại hàng: MẦU TRẮNG
phmphng088,4,Tai nghe chất lượng ohif hơp hía tiền khuyên mng nên mua nha hihi,2023-08-21 17:24 | Phân loại hàng: MẦU TRẮNG
toanp66,4,Hàng giao đúng theo đơn; đóng gói chưa cẩn thận nên vỏ hộp nhựa bị nứt vỡ khi giao.,2025-04-15 12:43 | Phân loại hàng: MẦU ĐEN
k*****_,4,"t k biet do thiết kế hay do lỗ tai t có vấn đề nhưng đeo toàn bị rớt k ấy nha, trước đã mua 1 cái của hãng này đeo rất êm nhưng 1 thời gian thì 1 bên k nghe được nữa và quyết định mua thêm cái nữa, tìm mua lại sp cũ thì thấy sp đã bị xoá nên kiếm mẫu khác mua và thiết kế khác mẫu cũ và cuối cùng đeo k hợp 😞 chỉ có vấn đề về thiết kế thôi chứ âm thanh k vấn đề gì.",2025-08-07 00:38 | Phân loại hàng: MẦU TRẮNG
thaomylovelove,4,"Phù hợp với giá tiền, shop gói hàng hơi nguy hiểm.",2024-07-24 08:36 | Phân loại hàng: MẦU ĐEN
h*****8,4,Giao đúng màu đen đúng số lượng. Đóng gói chưa kĩ. Chỉ bọc giấy.,2026-01-03 12:56 | Phân loại hàng: MẦU ĐEN
4*****r,4,Hồng Quế e ngại khi đó đã đạt tài sản là quyền lợi cho sức mạnh của ông được không bạn sẽ được vinh dự không phải chỉ có sự xâu xé luôn luôn thua,2025-10-10 02:37 | Phân loại hàng: MẦU ĐEN
_0iy4s6mif,4,Jdhxuxu úudjdjcuu eudjdudu đuuejeueu úueheueudu úueueueud úu,2024-02-04 17:26 | Phân loại hàng: MẦU TRẮNG
hoangdat10042008,4,"Hàng ok, nghe tốt",2025-07-28 02:31 | Phân loại hàng: MẦU TRẮNG
phuong_linh0409,4,Giáo hagmgf nhsnhmkm Chưa đung chưa biết chất uloindcjifdnok,2023-12-17 14:47 | Phân loại hàng: MẦU TRẮNG
b*****3,4,Thấy rẻ nên mua nhưng dùng được lắm nha. Hình ảnh chỉ để nhận xu,2024-01-06 08:36 | Phân loại hàng: MẦU TRẮNG
9er2q78dpe,4,,2024-03-20 13:26 | Phân loại hàng: MẦU TRẮNG
phuong.thao2018,4,,2023-03-17 20:57 | Phân loại hàng: MẦU TRẮNG
g*****9,4,"Sản phẩm tương đối ổn,  không rè,  nghe bình thường. Nhưng phần điều chỉnh âm lượng thì lúc được lúc không, nhựa dễ bông ra.",2023-07-04 12:06 | Phân loại hàng: MẦU TRẮNG
haidark674,4,Tai nghe tạp đc giá hơi cao nên cân nhắc khi mua,2024-06-19 17:53 | Phân loại hàng: MẦU ĐEN
hinhdi32,4,"Shop đóng gói hời hợt, lúc giao đến móp hộp tùm lum. Mình mua màu đen mà shop giao màu trắng. Mình mua cho ba nên không rõ chất lượng sao, nhưng ba mình nói chất lượng 2 bên tai nghe không đều nhau, bên lớn bên nhỏ",2025-04-24 09:36 | Phân loại hàng: MẦU ĐEN
tam_1808,4,"Dây hơi mỏng, còn lại ổn ádfghklphvssgbkgdazvjkbfa bk cshmv",2023-10-10 00:17 | Phân loại hàng: MẦU TRẮNG
manhdung1311,4,"Nhét lỗ tai hơi bị to, sp đóng gói cẩn thận",2024-01-20 15:02 | Phân loại hàng: MẦU TRẮNG
n*****4,4,"Tai nghe hơi to so với lỗ tai mình nên lâu lâu hơi bung ra nhẹ thôi, ko đáng kể. Với giá này thì âm thanh cũng nghe bình thường, ko tệ nha. Mình mua chủ yếu cần nghe gọi qua lap thôi. Nếu tai nghe này bền nữa thì quá ok với tầm giá. Trừ 1 sao shop giao hàng sơ sài. Hàng tới nơi lủng rách hộp tai nghe bên ngoài, may ko ảnh hưởng dây bên trong",2025-04-13 16:41 | Phân loại hàng: MẦU TRẮNG
tam12345678.,4,"Âm thanh OK, nhưng ko điều chỉnh dc to nhỏ",2025-04-11 12:22 | Phân loại hàng: MẦU TRẮNG
anhphung28112002,4,"Hộp nhét tai nghe khá chật, làm dây biến dạng",2025-03-26 22:30 | Phân loại hàng: MẦU TRẮNG
q*****2,4,"Hmmm tai nghe cũng ok, nma bắt âm k tốt lắm, phải để gần mỏ mới rõ",2025-01-07 10:59 | Phân loại hàng: MẦU TRẮNG
n*****w,4,"Dây tai nghe nhỏ mà quấn vô mấy vòng bị gập, ko biết có bền ko :((",2024-04-21 13:51 | Phân loại hàng: MẦU TRẮNG
mssilver,4,Giá này thì không kỳ vọng gì. Nghe bình thường nhưng nút tăng giảm âm thanh không hoạt động.,2025-01-09 10:30 | Phân loại hàng: MẦU ĐEN
l*****2,4,Màu đen. Giao hàng khá nhanh. Lần đầu mua nên không biết có bền không.,2025-11-12 20:11 | Phân loại hàng: MẦU ĐEN
anhkute_20,4,"Lúc mới mua về 2 bên bị to tiếng hơn bên còn lại, nghe khá chói",2023-10-01 15:33 | Phân loại hàng: MẦU TRẮNG
m*****2,4,"mua cho mẹ dùng nên không biết chất lượng thế nào, giá vừa phải không biet dùng được bền không",2024-11-01 22:11 | Phân loại hàng: MẦU TRẮNG
t*****9,4,"Tai nghe thiết kế kiểu này đeo đỡ bị đau tai nhưng bass nghe như quần, vs nghe to hơi bị chói tai. Giá này là oki r mình ưng cái thiết kế chút",2023-07-09 18:37 | Phân loại hàng: MẦU TRẮNG
b*****p,4,"Nói chung tiền nào của nấy. Gọi là tai nghe được âm thanh thôi, chứ để nghe hay thì ko đc",2025-08-04 20:24 | Phân loại hàng: MẦU TRẮNG
giabach2345,4,"Nút bấm âm lượng lên xuống bị lỗi, chỉ dừng được còn tăng giảm lỗi, tai ko đều 2 bên, phải chỉnh 1 lúc nma cảm giác vẫn ko đều lắm, tạm ổn, ko bt độ bền ntn. Ns chung hơi may rủi nma dùng tạm ổn",2023-11-06 00:43 | Phân loại hàng: MẦU TRẮNG
nghia00001111,4,"Giá cũng ổn, tai nghe tạm , âm thanh cũng ko đc trong lắm, tiền nào của nấy! Nhưng mà giờ cũng ít ai sài tai nghe có dây😢😢😢😢",2024-08-08 23:25 | Phân loại hàng: MẦU ĐEN
celica.shop,4,Hàng ok nhưng mua màu đen lại giao màu trắng,2023-09-11 10:33 | Phân loại hàng: MẦU ĐEN
phkt3012,4,Hình ảnh mang TC minh họa. Hàng tạm ổn,2025-05-09 09:05 | Phân loại hàng: MẦU ĐEN
ca.muc.khong.thich.di.lam,4,"Tai nghe dây khá mảnh, dễ gãy mình mới dùng được vài lần đã thấy có nếp gấp cảm giác khá dễ đứt",2025-12-15 09:31 | Phân loại hàng: MẦU ĐEN
b05r1kx8it,4,,2025-09-24 11:31 | Phân loại hàng: MẦU TRẮNG
maikook.0397,4,Một bên tai nghe k nghe được tiếng á🥲 mới mua về dùng lần đầu đã vậy r,2024-11-04 19:29 | Phân loại hàng: MẦU TRẮNG
5*****n,4,Giờ đây là những con người sẽ đến khi nào em có thể thiếu trong tủ quần áo trẻ em,2025-02-19 10:02 | Phân loại hàng: MẦU TRẮNG
n*****3,4,"Là phiên bản nhẹ nhàng hơn của trái tim ❤️ truyền thống, 💚 thường được sử dụng khi muốn diễn đạt tình cảm mến thương với bạn bè hoặc người thân. Thêm 💚 vào tin nhắn để chia sẻ tình cảm ấm áp với người thân hoặc bạn bè.",2024-12-02 12:56 | Phân loại hàng: MẦU TRẮNG
thanhthanh_1196,4,Hình ảnh mang tính chất nhận xu. Tuy nhiên 1 tai bên trái sài dc 1 ngày thì k nghe dc giờ còn mỗi 1 bên,2025-03-19 11:54 | Phân loại hàng: MẦU TRẮNG
r*****m,4,Tiền nào của đấy Ảnh và video chỉ mang tính chất minh hoạ sản ohaanr khá ok đúng với mô tả,2023-08-25 10:15 | Phân loại hàng: MẦU TRẮNG
p*****6,4,Hình ảnh và video chỉ mang tính chất minh hoạ cho sản phẩm giống hình,2025-02-18 01:15 | Phân loại hàng: MẦU ĐEN
dothikieuloan1995,4,"Không tốt lắm, với mức giá này thì tạm ổn thôi ạ, tai nghe ko êm nghe đau tai, âm thanh ko đều 1 bên bé 1 bên to, dây chỉnh âm lượng ko chỉnh đk hay là do mìn ko biết chỉnh hay do dây chi tượng trưng",2023-07-20 22:46 | Phân loại hàng: MẦU ĐEN
minhkhanh7121996,4,,2024-01-22 00:03 | Phân loại hàng: MẦU TRẮNG
thu270706,4,Oke nhé,2025-05-08 16:12 | Phân loại hàng: MẦU TRẮNG
s*****g,4,"tai nghe cắm lap không nhận, mọi người lưu ý xxxxxxxxx",2024-04-01 16:02 | Phân loại hàng: MẦU TRẮNG
xhong03,4,((Ảnh là một loài bướm đêm thuộc phân khúc thị trấn này có gì đâu á mẹ)),2024-03-15 00:13 | Phân loại hàng: MẦU TRẮNG
lyly1311997,4,"Mình thấy dùng ổn trong tầm giá. Nghe lâu khá đau tai, nghe cũng rè chứ k đc mượt như quảng cáo, mn mua thì chú ý nha",2025-06-05 23:31 | Phân loại hàng: MẦU ĐEN
n*****6,4,"Chào mừng bạn đến với bảng nhớ tạm của Gboard, bất kỳ văn bản nào bạn sao chép sẽ được lưu tại đây. Chất lượng sản phẩm tạm ok Thời gian giao hàng nhanh Đóng gói chắc chắn  Cũng hơi đáng tiền",2024-03-04 15:32 | Phân loại hàng: MẦU TRẮNG
t*****3,4,"Hơi to nên đeo lâu có hơi đau tai, phần chỉnh dây bị hỏng. Tóm lại là cũng được, 4 sao.",2024-04-09 17:11 | Phân loại hàng: MẦU TRẮNG
thuychamn08,4,Một hai ba bốn năm sáu bảy tám chín mười đơn vị chục trăm nghìn triệu tỷ đô la tệ yên ơ rô,2025-03-19 23:36 | Phân loại hàng: MẦU TRẮNG
thach.van.cuong,4,Quận dây bị gập,2025-08-25 11:41 | Phân loại hàng: MẦU TRẮNG
nuat0201,4,Oke lần đầu đặt thì hơi lâu,2025-01-23 14:00 | Phân loại hàng: MẦU ĐEN
7yltjxtw8x,4,tạm biệt anh nhé em nào muốn ăn cơm đã nhé có được ăn gì chưa thấy,2025-08-28 12:06 | Phân loại hàng: MẦU TRẮNG
quynh1534,4,Dùng tạm ổn kh được nhưu mong đợi Nhưng giá đấy thì kh đòi hoi gì nhiều,2023-08-17 01:02 | Phân loại hàng: MẦU TRẮNG
leducquyen1990,4,đúng như mô tả.,2025-06-08 23:15 | Phân loại hàng: MẦU TRẮNG
yennguyen140384,4,Good,2024-02-24 21:40 | Phân loại hàng: MẦU TRẮNG
untitle341,4,Mua về nhưng 7 plus ko dùng đc,2024-09-06 11:44 | Phân loại hàng: MẦU TRẮNG
dulichthailan.net,4,"Nghe nhạc tốt, mic bắt kém !!",2023-09-11 16:34 | Phân loại hàng: MẦU TRẮNG
nguyennamkhanh1606,4,bên tai phải k nghe được chỉ nghe đc 1 tai 😞,2024-05-25 05:42 | Phân loại hàng: MẦU TRẮNG
tranphuong280,4,Dùng tốt nhưng đầu nhựa dùng nhanh nóng........,2023-03-05 18:50 | Phân loại hàng: MẦU TRẮNG
6*****h,4,Ok,2025-05-08 12:56 | Phân loại hàng: MẦU ĐEN
n*****7,4,"Ghi âm bị rè nha, thiết kế bị to nên hơi đau tai",2024-01-17 02:21 | Phân loại hàng: MẦU ĐEN
qhuy1006,4,Ảnh minh họa của anh em tinh tế có bài viết của mình là người lớn tuổi hơn mình thì mình cũng nên có cái gì,2023-11-26 15:52 | Phân loại hàng: MẦU TRẮNG
v*****0,4,hơi đau tai nút tăng giảm k bấm đc nhưng rẻ nên ok  sjd djdbd kehd d,2024-01-11 14:55 | Phân loại hàng: MẦU ĐEN
lua86835,4,"Shop gói hàng hơi sơ sài, được cái mọi thứ đều ổn",2024-12-31 17:31 | Phân loại hàng: MẦU TRẮNG
1qy_4pyceu,4,Việt dậy thì sớm hay muộn thôi chứ không thể nói là không thể chấp nhận được chứ đừng có mà,2025-11-19 14:22 | Phân loại hàng: MẦU TRẮNG
ptamnhu,4,Một bên khum nghe được,2023-03-28 17:25 | Phân loại hàng: MẦU TRẮNG
lamtop2210,4,"Hộp bị vỡ, tai nghe ổn trong tầm giá.",2023-12-07 10:50 | Phân loại hàng: MẦU ĐEN
h*****o,4,Hình ảnh và video chỉ mang tính chất nhận xu mong mọi người thông cảm ạ 😍,2024-06-05 01:37 | Phân loại hàng: MẦU TRẮNG
t*****8,4,"1 bên nghe to, 1 bên nghe nhỏ",2025-08-07 15:11 | Phân loại hàng: MẦU TRẮNG
thuqbhg123,4,âm thanh k hay lắm,2023-08-06 10:44 | Phân loại hàng: MẦU ĐEN
r*****a,4,Trừ điểm là do giao lâu,2024-01-30 00:04 | Phân loại hàng: MẦU ĐEN
henrypham1,4,Dây ngăn quá hình như 1 m,2023-04-04 18:45 | Phân loại hàng: MẦU TRẮNG
quanthe968,4,Nút trên dây không bấm dc,2025-10-03 11:48 | Phân loại hàng: MẦU TRẮNG
d*****0,4,"mua nghe tạm thui chứ cái tai nghe ko fit, đeo hơi cộm cái tai, nhạc ổn, giá rẻ ntn nên ko đòi hỏi gì. Hàng cbi nhanh, gói cẩn thận nè, ko biết dùng được bao lâu",2024-05-10 19:58 | Phân loại hàng: MẦU TRẮNG
vietphuong4576,4,Nắp hộp đựng bị xước,2024-11-30 23:31 | Phân loại hàng: MẦU TRẮNG
t*****2,4,"Đóng gói cẩn thận chắc chắn giao hàng nhanh chất lượng ok, nút tăng giảm không dùng đc cả 2 chiếc nhưng 2 bên tai nghe đều nghe đc, k phù hợp với nhưng b tai nhỏ đeo lâu sẽ bị đau",2024-04-14 12:12 | Phân loại hàng: MẦU TRẮNG
l*****3,4,"Tai nghe bên trái có hơi bị rè, nghe chưa được êm với giá này thì cũng ổn",2024-04-02 18:56 | Phân loại hàng: MẦU TRẮNG
mankinnhi94,4,giao nhanh chóng  Âm thanh nghe ổn. Đeo lâu hơi đau tai chút. Nút điều chỉnh âm lượng chỉ cho có thôi chứ k dùng được đâuu Giá quá rẻ,2024-03-17 11:56 | Phân loại hàng: MẦU TRẮNG
chipphm284,4,"Sản phẩm đóng gói cẩn thận trong hộp khá đẹp nhưng dây bị gập mất vài chỗ như ảnh, âm thanh tạm ổn mk chơi pubg nhưng nghe tiếng chân hơi nhỏ",2024-03-05 17:39 | Phân loại hàng: MẦU TRẮNG
lananh.bui2019,4,Đã nhận hàng. Mua lần 2 vì lần 1 bị chuột cắn mất. Hịhu,2024-04-04 10:16 | Phân loại hàng: MẦU TRẮNG
d*****0,4,oke dùng tốt lắm nha nên mua không có gì để chê  giao nhanh mà đóng gói hơi sơ sài,2024-04-06 21:18 | Phân loại hàng: MẦU TRẮNG
anhthu722,4,"Tai nghe không cách âm nha, được cái rẻ, nghe cũng ổn, nhưng âm thanh không đã lắm nha",2024-03-17 13:39 | Phân loại hàng: MẦU TRẮNG
trangbeohvnh,4,nghe tốt,2024-03-15 16:18 | Phân loại hàng: MẦU TRẮNG
6c54pahqdp,4,Tặng các con Video tiếng anh giao tiếp theo chủ đề rất hay: https://drive.google.com/drive/folders/1FbzFWyRUo7ZtBEtNCkIUmdM2DLeAy_lj?fbclid=IwAR0GuB0ZpNjvuJJzFoJGFDjxUf0gwOdWh3yhKiwWwwgk8TkZ6VTz_gEbdJk,2023-09-17 15:15 | Phân loại hàng: MẦU TRẮNG
d*****2,4,"Đúng như mô tả. Dây mỏng manh quá. Mấy chỗ gấp sợ sẽ nhanh đứt. Mới thì nghe ok, loại này chỉ dùng chống cháy thôi à. Ko bàn về âm thanh.",2024-04-06 12:05 | Phân loại hàng: MẦU TRẮNG
duongdo88.,4,"Đóng hàng sơ sài nên bị vỡ hộp Giá ọk, mOng Sẽ dùng tốt",2024-03-22 17:33 | Phân loại hàng: MẦU TRẮNG
phamhaiiyenn,4,Tai nghe lỗi ko nghe được,2025-09-29 03:35 | Phân loại hàng: MẦU TRẮNG
hunglequang1993,4,Tai đeo dễ bị tuột …,2022-12-30 12:55 | Phân loại hàng: MẦU ĐEN
vcbng215,4,"tạm được, tai nghe không stereo lắm",2025-11-19 10:32 | Phân loại hàng: MẦU TRẮNG
huonggiang757677,4,"Âm thanh bình thường, ko vòm lắm.",2023-12-01 19:09 | Phân loại hàng: MẦU TRẮNG
024v31epbl,4,cảm giác mic kém chất lượng quá,2024-11-21 11:04 | Phân loại hàng: MẦU ĐEN
quyetvu778,4,Tai to quá đeo k vừa lỗ tai,2025-06-26 14:14 | Phân loại hàng: MẦU ĐEN
duymanhafk,4,"Tai nghe hơi to, đeo hay bị rơi",2025-02-27 09:08 | Phân loại hàng: MẦU TRẮNG
lethigiang3010,4,"Sản phẩm rất chất lượng, 10 điểm, phù hợp với học sinh sinh viên. Nhận xu thôi ạ, xin cảm ơn hị hị. Mua về tập tnahf thôi chứ chưa biết cách sử dụng lắm ạ 😅😅",2024-02-01 20:03 | Phân loại hàng: MẦU ĐEN
soobindeptrais1tg,4,Mình cùng nhau Dancin' in the dark dark dark Dancin' in the dark dark dark Ngoài trời mưa đang giông tố Căn phòng lặng không tiếng gió Anh đỡ nhé nhắm mắt xoay,2026-01-12 20:31 | Phân loại hàng: MẦU ĐEN
h*****1,4,"Sản okla, mình dùng cỡ chục hũ rồi ạ, cứ hết là lại mua liền, rất rcm cho mng nha",2026-01-14 14:38 | Phân loại hàng: MẦU TRẮNG
.*****6,4,"Đóng gói không cẩn thận, hộp đựng bị nứt, bọc dây mỏng, không mấy hôm nữa là đứt, hỏng. Của rẻ với mua dùng để nghe máy tính nên tạm chấp nhận Để dùng lâu dài thì không đáng.",2025-09-24 00:09 | Phân loại hàng: MẦU TRẮNG
buingocmyduyen,4,"Hộp đựng bị xước va dính bẩn, chụp hình nhìn ko thấy rõ bằng ở ngoài, ko bt có phải hàng cũ ko, chỗ đeo để nghe thấy nó ko đc khít vô tai lắm, mà xài có bền ko nữa",2025-09-07 17:47 | Phân loại hàng: MẦU ĐEN
lethithuythuy2611,4,"Tạm ổn     Em không bao giờ quên cái ngày em khóc đến dại khờ Đôi mắt đau rát, tay chân run lên và không thở nổi. Chỉ vì cái tình yêu mà anh hứa sẽ bù đắp tất cả cho em..😊",2025-09-13 23:02 | Phân loại hàng: MẦU TRẮNG
p*****b,4,"Đầy đủ, hàng ko bị bóp méo, shop nhiệt tình tư vấn nhanh, vận chuyển nhanh, sản phẩm tuyệt vời. Lần tới sẽ ủng hộ shop tiếp.",2025-09-23 23:19 | Phân loại hàng: MẦU TRẮNG
vuvanviet1992,4,bạn muốn mở nhóm chat Telegram bị chặn trên iPhone. Bạn có thể thực hiện điều này thông qua trình duyệt Safari của iPhone. Dưới đây là hướng dẫn cụ thể:,2025-08-20 13:42 | Phân loại hàng: MẦU TRẮNG
i0pvkmr_ku,4,Có  ghi bấm 3 lần để quay lại bài hát trước nhưng không thể,2025-12-06 13:25 | Phân loại hàng: MẦU TRẮNG
cacaca2122,4,T đặt mua cả 2 trắng mà giao có cái đen nữa. Chả hiểu đóng gói kiểu gì. Chẳng lẽ có cái màu mà phải mắc công đợi đổi.,2025-12-30 07:03 | Phân loại hàng: MẦU TRẮNG
h*****4,4,Âm thanh mượt êm to đóng gói khá gọn,2025-11-26 23:13 | Phân loại hàng: MẦU TRẮNG
ngotuyet04,4,Giao hàng nhanh đóng gói hộp nhìn xịn xò lắm nha chưa dùng thử nên chưa biết chất lượng như nào,2026-01-13 17:59 | Phân loại hàng: MẦU TRẮNG
k*****u,4,"Nghe đc có 1 bên trái à, dây bên phải hnhu bị đứt bên trong luôn r🙂",2026-01-15 13:21 | Phân loại hàng: MẦU TRẮNG
t*****9,4,"Giao hàng nhanh chóng kĩ càng hàng vẫn ổn áp sau 1 tháng dùng .,",2025-12-08 12:55 | Phân loại hàng: MẦU TRẮNG
bui.hong.nhung1986,4,"sản phẩm chất lượng phù hợp giá cả, cạnh tranh. đóng gói gọn gàng, giao hàng bị trễ hơn dự kiến.",2025-06-14 15:40 | Phân loại hàng: MẦU TRẮNG
lingdayroi,4,"Tai nghe qá to nên lúc đeo vào tai tầm 1-2 tiếng là thấy đau tai rồi, đóng gói cẩn thận, chất lượng nghe tốt",2025-06-01 12:04 | Phân loại hàng: MẦU TRẮNG
maibi642,4,Hộp đựng bị vệ vỡ nên khá buồn,2025-05-30 14:43 | Phân loại hàng: MẦU TRẮNG
jonjeongjss,4,nghe ko tốt bằng cái hoco khác mà cũng oke tiện dùng lũa cần đi lại bao bì đẹp nha,2025-06-01 10:31 | Phân loại hàng: MẦU TRẮNG
thuhien296,4,"tai nghe giao hàng lâu, muộn hơn so dự kiến 3 ngày, hiện tại chưa có vấn đề fif",2025-04-21 18:38 | Phân loại hàng: MẦU TRẮNG
s*****8,4,"Xem lại mấy ý cô tô màu đỏÝ này sai nhé, cộng vào lk pi",2025-04-10 15:37 | Phân loại hàng: MẦU ĐEN
t*****9,4,Hình ảnh và video chỉ mang tính chất minh hoạ  Đóng gói cẩn thận giao hàng nhanh,2025-03-06 22:59 | Phân loại hàng: MẦU TRẮNG
pico_hana,4,"Âm thanh khá to, chức năng nghe và mic đều ok ạ. Tuy nhiên cấu trúc tai nghe này mình đeo vào dễ bị rơi, và mình cảm tưởng âm thanh ở vùng ngoài tai thôi ấy.",2025-01-16 19:00 | Phân loại hàng: MẦU TRẮNG
x*****m,4,Giao hành nhanh  Đóng gói cẩn thận Nghe cũng tạm phù hợp giá tiền Sau khi nghe dk mấy ngày thì mình thấy đầu tai nghe hơi to so với tai mình nên bị đau tai,2024-06-02 11:28 | Phân loại hàng: MẦU ĐEN
vocuatobioxinnghe,4,"bên vận chuyển làm ăn cẩu thả, hộp hàng của mình giao về bị ướt như này, bên trong thì vỡ nắp. lần đầu tiên trải nghiệm, quá chán. còn tai nghe thì ổn, ok cả 2 bên, may là k bị rè.",2025-07-22 10:18 | Phân loại hàng: MẦU TRẮNG
synchan.0201,4,"Hong kì vọng nhìu với mức giá này, nghe được 20 ngày bắt đầu giật lag ùi =((((",2024-11-20 14:00 | Phân loại hàng: MẦU TRẮNG
d*****8,4,Shop gửi sai mẫu nhé.Đặt màu trắng nhưng gửi màu đen ạ,2024-05-29 22:45 | Phân loại hàng: MẦU TRẮNG
m*****6,4,"Giao hàng nhanh, đóng gói chưa cẩn thận. Bị vỡ vỏ. Dùng tạm thời ok. K biết dùng đc lâu k",2024-11-21 06:33 | Phân loại hàng: MẦU TRẮNG
m*****y,4,Sản phẩm cũng tạm. Ko có gì nổi bật. Giá rẻ nên ko yêu cầu gì nhiều. Dây hơi ngắn thôi ạ,2024-07-30 13:48 | Phân loại hàng: MẦU TRẮNG
nlb2kb,4,"Sp giao hàng nhanh, đóng gói cẩn thận. Nhưng trừ điểm vì quả thiết kế hộp đựng không hợp lí, lúc quấn siết hơi chặt nên dây nhiều chỗ bị hằn khá sâu ảnh hưởng đến độ bền của sp.",2024-12-25 09:19 | Phân loại hàng: MẦU TRẮNG
kswdhufxwu,4,Hàng đúng như hình ảnh quảng cáo gói hàng cẩn thận giao hàng nhanh chất lượng hàng chưa test dùng thử nên chưa đánh giá chất lượng. Nhìn sản phẩm chắc chắn theo đúng quảng cáo.,2024-11-27 10:38 | Phân loại hàng: MẦU TRẮNG
ngphgthiewanh,4,"Hình ảnh chỉ mang tính chất nhận xu Tai nghe đóng gói chắc chắn, chất lượng âm thanh tạm được, đeo lâu hơi đau tai vì ko phải loại có miếng đệm tai. Nhìn chung là ổn.",2024-06-20 16:00 | Phân loại hàng: MẦU TRẮNG
namhiep96,4,"Mẫu mã đẹp tuy nhiên loa nghe nhỏ và rè, rất khó chịu. Xiền nào của lấy",2024-09-24 11:36 | Phân loại hàng: MẦU TRẮNG
luonghagiang2201,4,"Hình ảnh và video chỉ mang tính chất nhận xu, rai nghe bên trái có vẻ bé hơn bên phải",2024-11-21 17:55 | Phân loại hàng: MẦU TRẮNG
honbi817,4,"Hàng giao nhanh lắm á , xài cx êm tai , nm cs lúc bị gì á , với giá này thì cũng ok r",2025-01-04 22:16 | Phân loại hàng: MẦU TRẮNG
k*****1,4,"tai nghe êm, nhưng ở cạnh quạt thì hơi rè, giao hàng nhanh, săn sale mua dc rẻ, sữ ủng hộ shop dài",2024-06-15 10:33 | Phân loại hàng: MẦU TRẮNG
m*****5,4,Nhìn cái dây tai mình sợ nó bị đứt ấy. Nghe cũng tạm ổn thôi ạ. Nch là cũng 7/10,2024-07-26 12:04 | Phân loại hàng: MẦU TRẮNG
mongcmbuithi,4,Nhìn cx đc chỉ mỗi tội dây hơi mỏng nhưng nhìn chung thì ổn z là cx đc rồi,2024-07-27 16:44 | Phân loại hàng: MẦU ĐEN
8iten5if_x,4,Tai nghe giá này đừng kì vọng gì nhiều 🤣 đủ nghe thôi Bass treb gần như ko có đâu,2024-09-26 10:12 | Phân loại hàng: MẦU TRẮNG
1q2c7yc_0r,4,Tai nghe nghe ổn nhưng chất liệu dây khá dở dễ bị gãy gập ko hồi lại bình thường đc,2024-07-28 20:23 | Phân loại hàng: MẦU ĐEN
h2fe9wtbz_,4,"hợp với giá tiền , tạm ổn",2023-10-02 08:50 | Phân loại hàng: MẦU TRẮNG
steelrose502,4,Mình mua cho con học . Con rất thích,2025-09-29 21:21 | Phân loại hàng: MẦU TRẮNG
viethuy.12,4,Cũng tạm,2025-10-06 17:21 | Phân loại hàng: MẦU ĐEN
i3u9r9798y,4,Tốt . Rẻ,2025-02-04 16:09 | Phân loại hàng: MẦU ĐEN
udhvssbbsnsbsb,4,Đổi trắng thay đen,2025-09-27 22:40 | Phân loại hàng: MẦU TRẮNG
loan93bn,4,Tiền nào của nấy,2024-03-16 15:02 | Phân loại hàng: MẦU TRẮNG
anhduy19071907,4,Tốt,2024-12-19 00:04 | Phân loại hàng: MẦU ĐEN
thutram_1209,4,Cũng được,2023-11-10 10:12 | Phân loại hàng: MẦU TRẮNG
firefljes6198,4,Nghe tạm,2025-12-30 10:50 | Phân loại hàng: MẦU ĐEN
mamixanh1,4,Nghe tạm,2024-08-10 19:21 | Phân loại hàng: MẦU ĐEN
27rlpqtv_7,4,Có,2025-07-30 08:37 | Phân loại hàng: MẦU TRẮNG
bestmart68,4,Loa nghe hơi nhỏ,2024-09-22 08:41 | Phân loại hàng: MẦU TRẮNG
k2om36na4v,4,Dùng ok,2023-12-08 19:59 | Phân loại hàng: MẦU TRẮNG
huuchi207,4,ổn,2024-09-21 17:48 | Phân loại hàng: MẦU TRẮNG
5zz97jr1s3,4,Ổn app,2024-05-08 08:49 | Phân loại hàng: MẦU TRẮNG
chinhnguyenviet093,4,Ok so với tầm giá,2023-12-23 20:52 | Phân loại hàng: MẦU TRẮNG
duongmytam09,4,dây mỏng quá g,2025-07-20 00:51 | Phân loại hàng: MẦU TRẮNG
h*****e,4,Nên có bọc chống sốc!,2024-02-26 21:26 | Phân loại hàng: MẦU TRẮNG
,4,Dây bị đứt,2023-10-30 12:01 | Phân loại hàng: MẦU TRẮNG
ducanhle194,4,Khó đeo,2025-09-22 00:45 | Phân loại hàng: MẦU ĐEN
shopmejinca,4,a,"2024-08-08 16:51 | Phân loại hàng: MẦU ĐEN, MẦU TRẮNG"
r2nqo9sk35,4,ok,2024-12-14 13:45 | Phân loại hàng: MẦU TRẮNG
azimehajime,4,Ok,2025-05-22 11:18 | Phân loại hàng: MẦU TRẮNG
tuankhoixd,4,Ok,2025-06-08 11:16 | Phân loại hàng: MẦU TRẮNG
lason234,4,Ok,2025-05-31 22:12 | Phân loại hàng: MẦU TRẮNG
shopmethobap,4,Ok,2024-09-13 08:05 | Phân loại hàng: MẦU TRẮNG
giadungmino,4,Ok,2023-07-07 10:09 | Phân loại hàng: MẦU TRẮNG
x2jneiql5g,4,Ok,2024-02-15 19:30 | Phân loại hàng: MẦU TRẮNG
x74tw88pdq,4,Ok,2024-03-06 13:34 | Phân loại hàng: MẦU TRẮNG
khanhthuykhoa,4,Ko như mong đợi,2024-10-08 09:38 | Phân loại hàng: MẦU TRẮNG
nq9aty8n3x,4,Sp đúng mô tả,2024-10-13 08:16 | Phân loại hàng: MẦU TRẮNG
minhtan_ns,4,Tai đeo đau tai,2025-08-23 18:53 | Phân loại hàng: MẦU ĐEN
nblv48f_ox,4,ok...,2022-11-09 14:34 | Phân loại hàng: MẦU TRẮNG
hoangtung02102003,4,Mic khá kém,2024-01-01 17:51 | Phân loại hàng: MẦU ĐEN
hieu_0212,4,,2024-08-17 08:46 | Phân loại hàng: MẦU TRẮNG
thuylinh2708nguyen,4,Đeo hơi đau tai,2025-03-11 10:13 | Phân loại hàng: MẦU ĐEN
tiennguyenquyet705,4,"Tai nghe dùng oki, còn dây sạc thì quá chán",2025-07-22 00:01 | Phân loại hàng: MẦU TRẮNG
hai_anh_6107,4,Chưa bóc seel đã vỡ rồi :))))),2025-12-26 22:06 | Phân loại hàng: MẦU TRẮNG
ngocgphan,4,Đóng gói ko chắc chắn bể hộp,2025-04-21 13:11 | Phân loại hàng: MẦU ĐEN
huudungnee,4,Sản phẩm có phát ra âm thanh,2024-06-01 17:22 | Phân loại hàng: MẦU TRẮNG
